{"commitInfo":{"timestamp":1755692612941,"userId":"145479142721970","userName":"shivamkumar67016@gmail.com","operation":"WRITE","operationParameters":{"mode":"Overwrite","statsOnLoad":false,"partitionBy":"[]"},"notebook":{"notebookId":"2509602414529365"},"clusterId":"0820-094931-240lldct-v2n","readVersion":0,"isolationLevel":"WriteSerializable","isBlindAppend":false,"operationMetrics":{"numFiles":"1","numRemovedFiles":"1","numRemovedBytes":"84896","numOutputRows":"2000","numOutputBytes":"84896"},"tags":{"noRowsCopied":"true","restoresDeletedRows":"false"},"engineInfo":"Databricks-Runtime/17.1.x-photon-scala2.13","txnId":"1c876801-288a-4ec1-b9d8-10832cd7f50b"}}
{"add":{"path":"part-00000-d9b7a151-78a8-4476-a435-99306b135890.c000.snappy.parquet","partitionValues":{},"size":84896,"modificationTime":1755692612000,"dataChange":true,"stats":"{\"numRecords\":2000,\"minValues\":{\"customer_id\":\"C00001\",\"email\":\"aaron30@gmail.com\",\"city\":\"Aaronfurt\",\"state\":\"AK\",\"domains\":\"abbott.com\",\"full_name\":\"Aaron Frey\"},\"maxValues\":{\"customer_id\":\"C02000\",\"email\":\"zwright@hernandez.com\",\"city\":\"Zunigaview\",\"state\":\"WY\",\"domains\":\"zimmerman.info\",\"full_name\":\"Zachary Wright\"},\"nullCount\":{\"customer_id\":0,\"email\":0,\"city\":0,\"state\":0,\"domains\":0,\"full_name\":0},\"tightBounds\":true}","tags":{"INSERTION_TIME":"1755692612000000","MIN_INSERTION_TIME":"1755692612000000","MAX_INSERTION_TIME":"1755692612000000","OPTIMIZE_TARGET_SIZE":"268435456"}}}
{"remove":{"path":"part-00000-8b024118-6904-4482-89cc-8fafd5eab6dd.c000.snappy.parquet","deletionTimestamp":1755692612940,"dataChange":true,"extendedFileMetadata":true,"partitionValues":{},"size":84896,"tags":{"INSERTION_TIME":"1755325381000000","MIN_INSERTION_TIME":"1755325381000000","MAX_INSERTION_TIME":"1755325381000000","OPTIMIZE_TARGET_SIZE":"268435456"}}}
