{"commitInfo":{"timestamp":1755325382166,"userId":"145479142721970","userName":"shivamkumar67016@gmail.com","operation":"WRITE","operationParameters":{"mode":"Append","statsOnLoad":false,"partitionBy":"[]"},"clusterId":"0816-061630-oupwpi49-v2n","isolationLevel":"WriteSerializable","isBlindAppend":true,"operationMetrics":{"numFiles":"1","numOutputRows":"2000","numOutputBytes":"84896"},"tags":{"noRowsCopied":"true","restoresDeletedRows":"false"},"engineInfo":"Databricks-Runtime/17.0.x-photon-scala2.13","txnId":"d1f87fe0-033a-480b-b3ac-e40034ef8135"}}
{"metaData":{"id":"8d00272e-483e-48a0-b7f7-48243ae979f7","format":{"provider":"parquet","options":{}},"schemaString":"{\"type\":\"struct\",\"fields\":[{\"name\":\"customer_id\",\"type\":\"string\",\"nullable\":true,\"metadata\":{}},{\"name\":\"email\",\"type\":\"string\",\"nullable\":true,\"metadata\":{}},{\"name\":\"city\",\"type\":\"string\",\"nullable\":true,\"metadata\":{}},{\"name\":\"state\",\"type\":\"string\",\"nullable\":true,\"metadata\":{}},{\"name\":\"domains\",\"type\":\"string\",\"nullable\":true,\"metadata\":{}},{\"name\":\"full_name\",\"type\":\"string\",\"nullable\":true,\"metadata\":{}}]}","partitionColumns":[],"configuration":{"delta.enableDeletionVectors":"true"},"createdTime":1755325379188}}
{"protocol":{"minReaderVersion":3,"minWriterVersion":7,"readerFeatures":["deletionVectors"],"writerFeatures":["deletionVectors","appendOnly","invariants"]}}
{"add":{"path":"part-00000-8b024118-6904-4482-89cc-8fafd5eab6dd.c000.snappy.parquet","partitionValues":{},"size":84896,"modificationTime":1755325381000,"dataChange":true,"stats":"{\"numRecords\":2000,\"minValues\":{\"customer_id\":\"C00001\",\"email\":\"aaron30@gmail.com\",\"city\":\"Aaronfurt\",\"state\":\"AK\",\"domains\":\"abbott.com\",\"full_name\":\"Aaron Frey\"},\"maxValues\":{\"customer_id\":\"C02000\",\"email\":\"zwright@hernandez.com\",\"city\":\"Zunigaview\",\"state\":\"WY\",\"domains\":\"zimmerman.info\",\"full_name\":\"Zachary Wright\"},\"nullCount\":{\"customer_id\":0,\"email\":0,\"city\":0,\"state\":0,\"domains\":0,\"full_name\":0},\"tightBounds\":true}","tags":{"INSERTION_TIME":"1755325381000000","MIN_INSERTION_TIME":"1755325381000000","MAX_INSERTION_TIME":"1755325381000000","OPTIMIZE_TARGET_SIZE":"268435456"}}}
