{"commitInfo":{"timestamp":1755693389455,"userId":"145479142721970","userName":"shivamkumar67016@gmail.com","operation":"MERGE","operationParameters":{"predicate":"[\"(((order_id#17898 = order_id#17500) AND (DimCustomerKey#17903L = DimCustomerKey#17524L)) AND (DimProductKey#17904 = DimProductKey#17182))\"]","clusterBy":"[]","matchedPredicates":"[{\"actionType\":\"update\"}]","statsOnLoad":false,"notMatchedBySourcePredicates":"[]","notMatchedPredicates":"[{\"actionType\":\"insert\"}]"},"notebook":{"notebookId":"110469958535432"},"clusterId":"0820-094931-240lldct-v2n","readVersion":0,"isolationLevel":"WriteSerializable","isBlindAppend":false,"operationMetrics":{"numTargetRowsCopied":"0","numTargetRowsDeleted":"0","numTargetBytesRemoved":"133642","numTargetDeletionVectorsAdded":"0","numTargetRowsMatchedUpdated":"10000","numTargetRowsMatchedDeleted":"0","numTargetRowsUpdated":"10000","numTargetChangeFilesAdded":"0","numTargetRowsNotMatchedBySourceDeleted":"0","rewriteTimeMs":"546","numTargetFilesAdded":"1","numTargetBytesAdded":"133606","executionTimeMs":"1597","materializeSourceTimeMs":"280","numTargetRowsInserted":"0","numTargetDeletionVectorsUpdated":"0","scanTimeMs":"751","numOutputRows":"10000","numTargetDeletionVectorsRemoved":"0","numTargetRowsNotMatchedBySourceUpdated":"0","numSourceRows":"10000","numTargetFilesRemoved":"1"},"tags":{"noRowsCopied":"true","delta.rowTracking.preserved":"false","restoresDeletedRows":"false"},"engineInfo":"Databricks-Runtime/17.1.x-photon-scala2.13","txnId":"b88695b3-7a9b-4cca-9531-2900470af13a"}}
{"remove":{"path":"part-00000-6aafb7e9-7f3f-4111-b8f4-83c689391175.c000.snappy.parquet","deletionTimestamp":1755693389452,"dataChange":true,"extendedFileMetadata":true,"partitionValues":{},"size":133642,"tags":{"INSERTION_TIME":"1755693362000000","MIN_INSERTION_TIME":"1755693362000000","MAX_INSERTION_TIME":"1755693362000000","OPTIMIZE_TARGET_SIZE":"268435456"},"stats":"{ \"numRecords\" : 10000 }"}}
{"add":{"path":"part-00000-f107256a-206a-4d35-9349-289335b9e041.c000.snappy.parquet","partitionValues":{},"size":133606,"modificationTime":1755693389000,"dataChange":true,"stats":"{\"numRecords\":10000,\"minValues\":{\"order_id\":\"O00001\",\"order_date\":\"2023-01-01\",\"quantity\":1,\"total_amount\":12.35,\"year\":2023,\"DimCustomerKey\":1,\"DimProductKey\":\"P0001\"},\"maxValues\":{\"order_id\":\"O10000\",\"order_date\":\"2024-12-31\",\"quantity\":5,\"total_amount\":9952.9,\"year\":2024,\"DimCustomerKey\":2000,\"DimProductKey\":\"P0500\"},\"nullCount\":{\"order_id\":0,\"order_date\":0,\"quantity\":0,\"total_amount\":0,\"year\":0,\"DimCustomerKey\":0,\"DimProductKey\":0},\"tightBounds\":true}","tags":{"INSERTION_TIME":"1755693389000000","MIN_INSERTION_TIME":"1755693362000000","MAX_INSERTION_TIME":"1755693389000000","OPTIMIZE_TARGET_SIZE":"268435456"}}}
