{"commitInfo":{"timestamp":1755693362461,"userId":"145479142721970","userName":"shivamkumar67016@gmail.com","operation":"CREATE TABLE AS SELECT","operationParameters":{"partitionBy":"[]","clusterBy":"[]","description":null,"isManaged":"false","properties":"{\"delta.enableDeletionVectors\":\"true\"}","statsOnLoad":true},"notebook":{"notebookId":"110469958535432"},"clusterId":"0820-094931-240lldct-v2n","isolationLevel":"WriteSerializable","isBlindAppend":true,"operationMetrics":{"numFiles":"1","numOutputRows":"10000","numOutputBytes":"133642"},"tags":{"noRowsCopied":"true","restoresDeletedRows":"false"},"engineInfo":"Databricks-Runtime/17.1.x-photon-scala2.13","txnId":"2053b616-a3d6-4e23-b2e0-9f19604860aa"}}
{"metaData":{"id":"e64c3947-24d0-4b43-9e2e-b2558ebc039e","format":{"provider":"parquet","options":{}},"schemaString":"{\"type\":\"struct\",\"fields\":[{\"name\":\"order_id\",\"type\":\"string\",\"nullable\":true,\"metadata\":{}},{\"name\":\"order_date\",\"type\":\"date\",\"nullable\":true,\"metadata\":{\"__detected_date_formats\":\"yyyy-M-d\"}},{\"name\":\"quantity\",\"type\":\"integer\",\"nullable\":true,\"metadata\":{}},{\"name\":\"total_amount\",\"type\":\"double\",\"nullable\":true,\"metadata\":{}},{\"name\":\"year\",\"type\":\"integer\",\"nullable\":true,\"metadata\":{}},{\"name\":\"DimCustomerKey\",\"type\":\"long\",\"nullable\":true,\"metadata\":{}},{\"name\":\"DimProductKey\",\"type\":\"string\",\"nullable\":true,\"metadata\":{}}]}","partitionColumns":[],"configuration":{"delta.enableDeletionVectors":"true"},"createdTime":1755693361344}}
{"protocol":{"minReaderVersion":3,"minWriterVersion":7,"readerFeatures":["deletionVectors"],"writerFeatures":["deletionVectors","appendOnly","invariants"]}}
{"add":{"path":"part-00000-6aafb7e9-7f3f-4111-b8f4-83c689391175.c000.snappy.parquet","partitionValues":{},"size":133642,"modificationTime":1755693362000,"dataChange":true,"stats":"{\"numRecords\":10000,\"nullCount\":{\"year\":0,\"DimProductKey\":0,\"order_date\":0,\"quantity\":0,\"order_id\":0,\"total_amount\":0,\"DimCustomerKey\":0},\"tightBounds\":true,\"minValues\":{\"year\":2023,\"DimProductKey\":\"P0001\",\"order_date\":\"2023-01-01\",\"quantity\":1,\"order_id\":\"O00001\",\"total_amount\":12.35,\"DimCustomerKey\":1},\"maxValues\":{\"year\":2024,\"DimProductKey\":\"P0500\",\"order_date\":\"2024-12-31\",\"quantity\":5,\"order_id\":\"O10000\",\"total_amount\":9952.9,\"DimCustomerKey\":2000}}","tags":{"INSERTION_TIME":"1755693362000000","MIN_INSERTION_TIME":"1755693362000000","MAX_INSERTION_TIME":"1755693362000000","OPTIMIZE_TARGET_SIZE":"268435456"}}}
