{"commitInfo":{"timestamp":1755691940904,"userId":"145479142721970","userName":"shivamkumar67016@gmail.com","operation":"CREATE OR REPLACE TABLE AS SELECT","operationParameters":{"partitionBy":"[]","clusterBy":"[]","description":null,"isManaged":"false","properties":"{\"delta.enableDeletionVectors\":\"true\"}","statsOnLoad":true},"notebook":{"notebookId":"1757427389165621"},"clusterId":"0820-094931-240lldct-v2n","isolationLevel":"WriteSerializable","isBlindAppend":false,"operationMetrics":{"numFiles":"1","numRemovedFiles":"0","numRemovedBytes":"0","numOutputRows":"500","numOutputBytes":"15747"},"tags":{"noRowsCopied":"true","restoresDeletedRows":"false"},"engineInfo":"Databricks-Runtime/17.1.x-photon-scala2.13","txnId":"cf591604-7308-4bb3-8847-62ce84c3b68a"}}
{"metaData":{"id":"29e6687c-9c2e-460d-918d-f33fac33a340","format":{"provider":"parquet","options":{}},"schemaString":"{\"type\":\"struct\",\"fields\":[{\"name\":\"product_id\",\"type\":\"string\",\"nullable\":true,\"metadata\":{}},{\"name\":\"product_name\",\"type\":\"string\",\"nullable\":true,\"metadata\":{}},{\"name\":\"category\",\"type\":\"string\",\"nullable\":true,\"metadata\":{}},{\"name\":\"brand\",\"type\":\"string\",\"nullable\":true,\"metadata\":{}},{\"name\":\"price\",\"type\":\"double\",\"nullable\":true,\"metadata\":{}},{\"name\":\"discounted_price\",\"type\":\"double\",\"nullable\":true,\"metadata\":{}}]}","partitionColumns":[],"configuration":{"delta.enableDeletionVectors":"true"},"createdTime":1755691939485}}
{"protocol":{"minReaderVersion":3,"minWriterVersion":7,"readerFeatures":["deletionVectors"],"writerFeatures":["deletionVectors","appendOnly","invariants"]}}
{"add":{"path":"part-00000-a41f5889-4ae6-4407-9fda-dd975ed3bdaf.c000.snappy.parquet","partitionValues":{},"size":15747,"modificationTime":1755691940000,"dataChange":true,"stats":"{\"numRecords\":500,\"nullCount\":{\"price\":0,\"brand\":0,\"product_name\":0,\"product_id\":0,\"category\":0,\"discounted_price\":0},\"tightBounds\":true,\"minValues\":{\"price\":12.35,\"brand\":\"Adidas\",\"product_name\":\"A Forward\",\"product_id\":\"P0001\",\"category\":\"Beauty\",\"discounted_price\":11.115},\"maxValues\":{\"price\":1990.58,\"brand\":\"Sony\",\"product_name\":\"Yourself Team\",\"product_id\":\"P0500\",\"category\":\"Toys\",\"discounted_price\":1791.522}}","tags":{"INSERTION_TIME":"1755691940000000","MIN_INSERTION_TIME":"1755691940000000","MAX_INSERTION_TIME":"1755691940000000","OPTIMIZE_TARGET_SIZE":"268435456"}}}
