{"commitInfo":{"timestamp":1755328880408,"userId":"145479142721970","userName":"shivamkumar67016@gmail.com","operation":"WRITE","operationParameters":{"mode":"Append","statsOnLoad":false,"partitionBy":"[]"},"clusterId":"0816-061630-oupwpi49-v2n","isolationLevel":"WriteSerializable","isBlindAppend":true,"operationMetrics":{"numFiles":"1","numOutputRows":"500","numOutputBytes":"15747"},"tags":{"noRowsCopied":"true","restoresDeletedRows":"false"},"engineInfo":"Databricks-Runtime/17.0.x-photon-scala2.13","txnId":"6741ee58-1f24-4fd3-aacb-7c75d488b648"}}
{"metaData":{"id":"4943ab1c-0aba-4929-9011-22c3f75f3402","format":{"provider":"parquet","options":{}},"schemaString":"{\"type\":\"struct\",\"fields\":[{\"name\":\"product_id\",\"type\":\"string\",\"nullable\":true,\"metadata\":{}},{\"name\":\"product_name\",\"type\":\"string\",\"nullable\":true,\"metadata\":{}},{\"name\":\"category\",\"type\":\"string\",\"nullable\":true,\"metadata\":{}},{\"name\":\"brand\",\"type\":\"string\",\"nullable\":true,\"metadata\":{}},{\"name\":\"price\",\"type\":\"double\",\"nullable\":true,\"metadata\":{}},{\"name\":\"discounted_price\",\"type\":\"double\",\"nullable\":true,\"metadata\":{}}]}","partitionColumns":[],"configuration":{"delta.enableDeletionVectors":"true"},"createdTime":1755328879803}}
{"protocol":{"minReaderVersion":3,"minWriterVersion":7,"readerFeatures":["deletionVectors"],"writerFeatures":["deletionVectors","appendOnly","invariants"]}}
{"add":{"path":"part-00000-14b42f2a-0368-49be-a398-63ee99d9b850.c000.snappy.parquet","partitionValues":{},"size":15747,"modificationTime":1755328880000,"dataChange":true,"stats":"{\"numRecords\":500,\"minValues\":{\"product_id\":\"P0001\",\"product_name\":\"A Forward\",\"category\":\"Beauty\",\"brand\":\"Adidas\",\"price\":12.35,\"discounted_price\":11.115},\"maxValues\":{\"product_id\":\"P0500\",\"product_name\":\"Yourself Team\",\"category\":\"Toys\",\"brand\":\"Sony\",\"price\":1990.58,\"discounted_price\":1791.522},\"nullCount\":{\"product_id\":0,\"product_name\":0,\"category\":0,\"brand\":0,\"price\":0,\"discounted_price\":0},\"tightBounds\":true}","tags":{"INSERTION_TIME":"1755328880000000","MIN_INSERTION_TIME":"1755328880000000","MAX_INSERTION_TIME":"1755328880000000","OPTIMIZE_TARGET_SIZE":"268435456"}}}
