{"commitInfo":{"timestamp":1755691859935,"userId":"145479142721970","userName":"shivamkumar67016@gmail.com","operation":"WRITE","operationParameters":{"mode":"Overwrite","statsOnLoad":false,"partitionBy":"[]"},"notebook":{"notebookId":"3544561102558607"},"clusterId":"0820-094931-240lldct-v2n","readVersion":0,"isolationLevel":"WriteSerializable","isBlindAppend":false,"operationMetrics":{"numFiles":"1","numRemovedFiles":"1","numRemovedBytes":"15747","numOutputRows":"500","numOutputBytes":"15747"},"tags":{"noRowsCopied":"true","restoresDeletedRows":"false"},"engineInfo":"Databricks-Runtime/17.1.x-photon-scala2.13","txnId":"17a0deae-3bc7-49c4-9941-6b562dea05d5"}}
{"add":{"path":"part-00000-9daccc89-8249-4ac0-9ab1-91fbf33e666c.c000.snappy.parquet","partitionValues":{},"size":15747,"modificationTime":1755691859000,"dataChange":true,"stats":"{\"numRecords\":500,\"minValues\":{\"product_id\":\"P0001\",\"product_name\":\"A Forward\",\"category\":\"Beauty\",\"brand\":\"Adidas\",\"price\":12.35,\"discounted_price\":11.115},\"maxValues\":{\"product_id\":\"P0500\",\"product_name\":\"Yourself Team\",\"category\":\"Toys\",\"brand\":\"Sony\",\"price\":1990.58,\"discounted_price\":1791.522},\"nullCount\":{\"product_id\":0,\"product_name\":0,\"category\":0,\"brand\":0,\"price\":0,\"discounted_price\":0},\"tightBounds\":true}","tags":{"INSERTION_TIME":"1755691859000000","MIN_INSERTION_TIME":"1755691859000000","MAX_INSERTION_TIME":"1755691859000000","OPTIMIZE_TARGET_SIZE":"268435456"}}}
{"remove":{"path":"part-00000-14b42f2a-0368-49be-a398-63ee99d9b850.c000.snappy.parquet","deletionTimestamp":1755691859931,"dataChange":true,"extendedFileMetadata":true,"partitionValues":{},"size":15747,"tags":{"INSERTION_TIME":"1755328880000000","MIN_INSERTION_TIME":"1755328880000000","MAX_INSERTION_TIME":"1755328880000000","OPTIMIZE_TARGET_SIZE":"268435456"}}}
