{"commitInfo":{"timestamp":1755692690214,"userId":"145479142721970","userName":"shivamkumar67016@gmail.com","operation":"CREATE OR REPLACE TABLE AS SELECT","operationParameters":{"partitionBy":"[]","clusterBy":"[]","description":null,"isManaged":"false","properties":"{\"delta.enableDeletionVectors\":\"true\"}","statsOnLoad":false},"notebook":{"notebookId":"3544561102558609"},"clusterId":"0820-094931-240lldct-v2n","readVersion":3,"isolationLevel":"WriteSerializable","isBlindAppend":false,"operationMetrics":{"numFiles":"1","numRemovedFiles":"1","numRemovedBytes":"93582","numOutputRows":"2000","numOutputBytes":"93160"},"tags":{"noRowsCopied":"true","restoresDeletedRows":"false"},"engineInfo":"Databricks-Runtime/17.1.x-photon-scala2.13","txnId":"27984b92-33ec-4780-90d2-d8c747e7f60d"}}
{"add":{"path":"part-00000-215368da-9086-4bb5-b247-6243d144b91e.c000.snappy.parquet","partitionValues":{},"size":93160,"modificationTime":1755692690000,"dataChange":true,"stats":"{\"numRecords\":2000,\"minValues\":{\"customer_id\":\"C00001\",\"email\":\"aaron30@gmail.com\",\"city\":\"Aaronfurt\",\"state\":\"AK\",\"domains\":\"abbott.com\",\"full_name\":\"Aaron Frey\",\"create_date\":\"2025-08-20T12:24:49.681Z\",\"update_date\":\"2025-08-20T12:24:49.681Z\",\"DimCustomerKey\":1},\"maxValues\":{\"customer_id\":\"C02000\",\"email\":\"zwright@hernandez.com\",\"city\":\"Zunigaview\",\"state\":\"WY\",\"domains\":\"zimmerman.info\",\"full_name\":\"Zachary Wright\",\"create_date\":\"2025-08-20T12:24:49.681Z\",\"update_date\":\"2025-08-20T12:24:49.681Z\",\"DimCustomerKey\":2000},\"nullCount\":{\"customer_id\":0,\"email\":0,\"city\":0,\"state\":0,\"domains\":0,\"full_name\":0,\"create_date\":0,\"update_date\":0,\"DimCustomerKey\":0},\"tightBounds\":true}","tags":{"INSERTION_TIME":"1755692690000000","MIN_INSERTION_TIME":"1755692690000000","MAX_INSERTION_TIME":"1755692690000000","OPTIMIZE_TARGET_SIZE":"268435456"}}}
{"remove":{"path":"part-00000-17ff83b5-bd04-4c30-b572-5fa68e5a81bc.c000.snappy.parquet","deletionTimestamp":1755692690213,"dataChange":true,"extendedFileMetadata":true,"partitionValues":{},"size":93582,"tags":{"INSERTION_TIME":"1755688942000000","MIN_INSERTION_TIME":"1755421773000000","MAX_INSERTION_TIME":"1755688942000000","OPTIMIZE_TARGET_SIZE":"268435456"}}}
