{"commitInfo":{"timestamp":1755422083834,"userId":"145479142721970","userName":"shivamkumar67016@gmail.com","operation":"MERGE","operationParameters":{"predicate":"[\"(DimCustomerKey#11796L = DimCustomerKey#11810L)\"]","clusterBy":"[]","matchedPredicates":"[{\"actionType\":\"update\"}]","statsOnLoad":false,"notMatchedBySourcePredicates":"[]","notMatchedPredicates":"[{\"actionType\":\"insert\"}]"},"clusterId":"0817-090855-ywqza9p7-v2n","readVersion":0,"isolationLevel":"WriteSerializable","isBlindAppend":false,"operationMetrics":{"numTargetRowsCopied":"0","numTargetRowsDeleted":"0","numTargetBytesRemoved":"93160","numTargetDeletionVectorsAdded":"0","numTargetRowsMatchedUpdated":"2000","numTargetRowsMatchedDeleted":"0","numTargetRowsUpdated":"2000","numTargetChangeFilesAdded":"0","numTargetRowsNotMatchedBySourceDeleted":"0","rewriteTimeMs":"843","numTargetFilesAdded":"1","numTargetBytesAdded":"93929","executionTimeMs":"3191","materializeSourceTimeMs":"700","numTargetRowsInserted":"0","numTargetDeletionVectorsUpdated":"0","scanTimeMs":"1594","numOutputRows":"2000","numTargetDeletionVectorsRemoved":"0","numTargetRowsNotMatchedBySourceUpdated":"0","numSourceRows":"2000","numTargetFilesRemoved":"1"},"tags":{"noRowsCopied":"true","delta.rowTracking.preserved":"false","restoresDeletedRows":"false"},"engineInfo":"Databricks-Runtime/17.0.x-photon-scala2.13","txnId":"c6774ff5-daaa-4511-b2b4-3df10d774b2e"}}
{"remove":{"path":"part-00000-00ab7a35-bb15-4a06-a485-21a050a5e313.c000.snappy.parquet","deletionTimestamp":1755422083796,"dataChange":true,"extendedFileMetadata":true,"partitionValues":{},"size":93160,"tags":{"INSERTION_TIME":"1755421773000000","MIN_INSERTION_TIME":"1755421773000000","MAX_INSERTION_TIME":"1755421773000000","OPTIMIZE_TARGET_SIZE":"268435456"},"stats":"{ \"numRecords\" : 2000 }"}}
{"add":{"path":"part-00001-5c5279a6-1d52-4ffa-81fe-7d71f1dc7ba9.c000.snappy.parquet","partitionValues":{},"size":93929,"modificationTime":1755422083000,"dataChange":true,"stats":"{\"numRecords\":2000,\"minValues\":{\"customer_id\":\"C00001\",\"email\":\"aaron30@gmail.com\",\"city\":\"Aaronfurt\",\"state\":\"AK\",\"domains\":\"abbott.com\",\"full_name\":\"Aaron Frey\",\"create_date\":\"2025-08-17T09:09:32.612Z\",\"update_date\":\"2025-08-17T09:14:40.508Z\",\"DimCustomerKey\":1},\"maxValues\":{\"customer_id\":\"C02000\",\"email\":\"zwright@hernandez.com\",\"city\":\"Zunigaview\",\"state\":\"WY\",\"domains\":\"zimmerman.info\",\"full_name\":\"Zachary Wright\",\"create_date\":\"2025-08-17T09:09:32.612Z\",\"update_date\":\"2025-08-17T09:14:40.508Z\",\"DimCustomerKey\":2000},\"nullCount\":{\"customer_id\":0,\"email\":0,\"city\":0,\"state\":0,\"domains\":0,\"full_name\":0,\"create_date\":0,\"update_date\":0,\"DimCustomerKey\":0},\"tightBounds\":true}","tags":{"INSERTION_TIME":"1755422083000000","MIN_INSERTION_TIME":"1755421773000000","MAX_INSERTION_TIME":"1755422083000000","OPTIMIZE_TARGET_SIZE":"268435456"}}}
