{"commitInfo":{"timestamp":1755688942300,"userId":"148905952947494","userName":"shivamkumar67016_gmail.com#ext#@shivamkumar67016gmail.onmicrosoft.com","operation":"MERGE","operationParameters":{"predicate":"[\"(DimCustomerKey#14080L = DimCustomerKey#14094L)\"]","clusterBy":"[]","matchedPredicates":"[{\"actionType\":\"update\"}]","statsOnLoad":false,"notMatchedBySourcePredicates":"[]","notMatchedPredicates":"[{\"actionType\":\"insert\"}]"},"notebook":{"notebookId":"3544561102558609"},"clusterId":"0820-094931-240lldct-v2n","readVersion":2,"isolationLevel":"WriteSerializable","isBlindAppend":false,"operationMetrics":{"numTargetRowsCopied":"0","numTargetRowsDeleted":"0","numTargetBytesRemoved":"93929","numTargetDeletionVectorsAdded":"0","numTargetRowsMatchedUpdated":"2000","numTargetRowsMatchedDeleted":"0","numTargetRowsUpdated":"2000","numTargetChangeFilesAdded":"0","numTargetRowsNotMatchedBySourceDeleted":"0","rewriteTimeMs":"668","numTargetFilesAdded":"1","numTargetBytesAdded":"93582","executionTimeMs":"1674","materializeSourceTimeMs":"234","numTargetRowsInserted":"0","numTargetDeletionVectorsUpdated":"0","scanTimeMs":"750","numOutputRows":"2000","numTargetDeletionVectorsRemoved":"0","numTargetRowsNotMatchedBySourceUpdated":"0","numSourceRows":"2000","numTargetFilesRemoved":"1"},"tags":{"noRowsCopied":"true","delta.rowTracking.preserved":"false","restoresDeletedRows":"false"},"engineInfo":"Databricks-Runtime/17.1.x-photon-scala2.13","txnId":"54e2fb42-efb1-434f-bcc1-d66b1fac14ed"}}
{"remove":{"path":"part-00001-c4c9d182-aff2-4a71-9c14-62115964e6cb.c000.snappy.parquet","deletionTimestamp":1755688942298,"dataChange":true,"extendedFileMetadata":true,"partitionValues":{},"size":93929,"tags":{"INSERTION_TIME":"1755688035000000","MIN_INSERTION_TIME":"1755421773000000","MAX_INSERTION_TIME":"1755688035000000","OPTIMIZE_TARGET_SIZE":"268435456"},"stats":"{ \"numRecords\" : 2000 }"}}
{"add":{"path":"part-00000-17ff83b5-bd04-4c30-b572-5fa68e5a81bc.c000.snappy.parquet","partitionValues":{},"size":93582,"modificationTime":1755688942000,"dataChange":true,"stats":"{\"numRecords\":2000,\"minValues\":{\"customer_id\":\"C00001\",\"email\":\"aaron30@gmail.com\",\"city\":\"Aaronfurt\",\"state\":\"AK\",\"domains\":\"abbott.com\",\"full_name\":\"Aaron Frey\",\"create_date\":\"2025-08-20T11:22:20.577Z\",\"update_date\":\"2025-08-20T11:22:20.577Z\",\"DimCustomerKey\":1},\"maxValues\":{\"customer_id\":\"C02000\",\"email\":\"zwright@hernandez.com\",\"city\":\"Zunigaview\",\"state\":\"WY\",\"domains\":\"zimmerman.info\",\"full_name\":\"Zachary Wright\",\"create_date\":\"2025-08-20T11:22:20.577Z\",\"update_date\":\"2025-08-20T11:22:20.577Z\",\"DimCustomerKey\":2000},\"nullCount\":{\"customer_id\":0,\"email\":0,\"city\":0,\"state\":0,\"domains\":0,\"full_name\":0,\"create_date\":0,\"update_date\":0,\"DimCustomerKey\":0},\"tightBounds\":true}","tags":{"INSERTION_TIME":"1755688942000000","MIN_INSERTION_TIME":"1755421773000000","MAX_INSERTION_TIME":"1755688942000000","OPTIMIZE_TARGET_SIZE":"268435456"}}}
