{"commitInfo":{"timestamp":1755688036156,"userId":"148905952947494","userName":"shivamkumar67016_gmail.com#ext#@shivamkumar67016gmail.onmicrosoft.com","operation":"MERGE","operationParameters":{"predicate":"[\"(DimCustomerKey#12405L = DimCustomerKey#12419L)\"]","clusterBy":"[]","matchedPredicates":"[{\"actionType\":\"update\"}]","statsOnLoad":false,"notMatchedBySourcePredicates":"[]","notMatchedPredicates":"[{\"actionType\":\"insert\"}]"},"notebook":{"notebookId":"3544561102558609"},"clusterId":"0820-094931-240lldct-v2n","readVersion":1,"isolationLevel":"WriteSerializable","isBlindAppend":false,"operationMetrics":{"numTargetRowsCopied":"0","numTargetRowsDeleted":"0","numTargetBytesRemoved":"93929","numTargetDeletionVectorsAdded":"0","numTargetRowsMatchedUpdated":"2000","numTargetRowsMatchedDeleted":"0","numTargetRowsUpdated":"2000","numTargetChangeFilesAdded":"0","numTargetRowsNotMatchedBySourceDeleted":"0","rewriteTimeMs":"1270","numTargetFilesAdded":"1","numTargetBytesAdded":"93929","executionTimeMs":"5500","materializeSourceTimeMs":"1000","numTargetRowsInserted":"0","numTargetDeletionVectorsUpdated":"0","scanTimeMs":"3165","numOutputRows":"2000","numTargetDeletionVectorsRemoved":"0","numTargetRowsNotMatchedBySourceUpdated":"0","numSourceRows":"2000","numTargetFilesRemoved":"1"},"tags":{"noRowsCopied":"true","delta.rowTracking.preserved":"false","restoresDeletedRows":"false"},"engineInfo":"Databricks-Runtime/17.1.x-photon-scala2.13","txnId":"39bdcd7d-fc5b-4b95-a783-746ea33d17cc"}}
{"remove":{"path":"part-00001-5c5279a6-1d52-4ffa-81fe-7d71f1dc7ba9.c000.snappy.parquet","deletionTimestamp":1755688036110,"dataChange":true,"extendedFileMetadata":true,"partitionValues":{},"size":93929,"tags":{"INSERTION_TIME":"1755422083000000","MIN_INSERTION_TIME":"1755421773000000","MAX_INSERTION_TIME":"1755422083000000","OPTIMIZE_TARGET_SIZE":"268435456"},"stats":"{ \"numRecords\" : 2000 }"}}
{"add":{"path":"part-00001-c4c9d182-aff2-4a71-9c14-62115964e6cb.c000.snappy.parquet","partitionValues":{},"size":93929,"modificationTime":1755688035000,"dataChange":true,"stats":"{\"numRecords\":2000,\"minValues\":{\"customer_id\":\"C00001\",\"email\":\"aaron30@gmail.com\",\"city\":\"Aaronfurt\",\"state\":\"AK\",\"domains\":\"abbott.com\",\"full_name\":\"Aaron Frey\",\"create_date\":\"2025-08-17T09:09:32.612Z\",\"update_date\":\"2025-08-20T11:07:10.488Z\",\"DimCustomerKey\":1},\"maxValues\":{\"customer_id\":\"C02000\",\"email\":\"zwright@hernandez.com\",\"city\":\"Zunigaview\",\"state\":\"WY\",\"domains\":\"zimmerman.info\",\"full_name\":\"Zachary Wright\",\"create_date\":\"2025-08-17T09:09:32.612Z\",\"update_date\":\"2025-08-20T11:07:10.488Z\",\"DimCustomerKey\":2000},\"nullCount\":{\"customer_id\":0,\"email\":0,\"city\":0,\"state\":0,\"domains\":0,\"full_name\":0,\"create_date\":0,\"update_date\":0,\"DimCustomerKey\":0},\"tightBounds\":true}","tags":{"INSERTION_TIME":"1755688035000000","MIN_INSERTION_TIME":"1755421773000000","MAX_INSERTION_TIME":"1755688035000000","OPTIMIZE_TARGET_SIZE":"268435456"}}}
