{"commitInfo":{"timestamp":1755421775018,"userId":"145479142721970","userName":"shivamkumar67016@gmail.com","operation":"CREATE OR REPLACE TABLE AS SELECT","operationParameters":{"partitionBy":"[]","clusterBy":"[]","description":null,"isManaged":"false","properties":"{\"delta.enableDeletionVectors\":\"true\"}","statsOnLoad":true},"clusterId":"0817-090855-ywqza9p7-v2n","isolationLevel":"WriteSerializable","isBlindAppend":false,"operationMetrics":{"numFiles":"1","numRemovedFiles":"0","numRemovedBytes":"0","numOutputRows":"2000","numOutputBytes":"93160"},"tags":{"noRowsCopied":"true","restoresDeletedRows":"false"},"engineInfo":"Databricks-Runtime/17.0.x-photon-scala2.13","txnId":"04131810-26e5-4ec3-9180-4226ce01c2e0"}}
{"metaData":{"id":"2e44e6e2-c40c-43d5-ba4e-331526958727","format":{"provider":"parquet","options":{}},"schemaString":"{\"type\":\"struct\",\"fields\":[{\"name\":\"customer_id\",\"type\":\"string\",\"nullable\":true,\"metadata\":{}},{\"name\":\"email\",\"type\":\"string\",\"nullable\":true,\"metadata\":{}},{\"name\":\"city\",\"type\":\"string\",\"nullable\":true,\"metadata\":{}},{\"name\":\"state\",\"type\":\"string\",\"nullable\":true,\"metadata\":{}},{\"name\":\"domains\",\"type\":\"string\",\"nullable\":true,\"metadata\":{}},{\"name\":\"full_name\",\"type\":\"string\",\"nullable\":true,\"metadata\":{}},{\"name\":\"create_date\",\"type\":\"timestamp\",\"nullable\":true,\"metadata\":{}},{\"name\":\"update_date\",\"type\":\"timestamp\",\"nullable\":true,\"metadata\":{}},{\"name\":\"DimCustomerKey\",\"type\":\"long\",\"nullable\":true,\"metadata\":{}}]}","partitionColumns":[],"configuration":{"delta.enableDeletionVectors":"true"},"createdTime":1755421772132}}
{"protocol":{"minReaderVersion":3,"minWriterVersion":7,"readerFeatures":["deletionVectors"],"writerFeatures":["deletionVectors","appendOnly","invariants"]}}
{"add":{"path":"part-00000-00ab7a35-bb15-4a06-a485-21a050a5e313.c000.snappy.parquet","partitionValues":{},"size":93160,"modificationTime":1755421773000,"dataChange":true,"stats":"{\"numRecords\":2000,\"nullCount\":{\"city\":0,\"customer_id\":0,\"full_name\":0,\"domains\":0,\"update_date\":0,\"create_date\":0,\"DimCustomerKey\":0,\"email\":0,\"state\":0},\"tightBounds\":true,\"minValues\":{\"city\":\"Aaronfurt\",\"customer_id\":\"C00001\",\"full_name\":\"Aaron Frey\",\"domains\":\"abbott.com\",\"update_date\":\"2025-08-17T09:09:32.612Z\",\"create_date\":\"2025-08-17T09:09:32.612Z\",\"DimCustomerKey\":1,\"email\":\"aaron30@gmail.com\",\"state\":\"AK\"},\"maxValues\":{\"city\":\"Zunigaview\",\"customer_id\":\"C02000\",\"full_name\":\"Zachary Wright\",\"domains\":\"zimmerman.info\",\"update_date\":\"2025-08-17T09:09:32.612Z\",\"create_date\":\"2025-08-17T09:09:32.612Z\",\"DimCustomerKey\":2000,\"email\":\"zwright@hernandez.com\",\"state\":\"WY\"}}","tags":{"INSERTION_TIME":"1755421773000000","MIN_INSERTION_TIME":"1755421773000000","MAX_INSERTION_TIME":"1755421773000000","OPTIMIZE_TARGET_SIZE":"268435456"}}}
