{"commitInfo":{"timestamp":1755329691945,"userId":"145479142721970","userName":"shivamkumar67016@gmail.com","operation":"WRITE","operationParameters":{"mode":"Overwrite","statsOnLoad":false,"partitionBy":"[]"},"clusterId":"0816-061630-oupwpi49-v2n","isolationLevel":"WriteSerializable","isBlindAppend":false,"operationMetrics":{"numFiles":"1","numRemovedFiles":"0","numRemovedBytes":"0","numOutputRows":"4","numOutputBytes":"871"},"tags":{"noRowsCopied":"true","restoresDeletedRows":"false"},"engineInfo":"Databricks-Runtime/17.0.x-photon-scala2.13","txnId":"5a653d05-954f-460d-8236-3e734ce2948b"}}
{"metaData":{"id":"b985f5ac-07ef-4a3f-b972-83734152e6c4","format":{"provider":"parquet","options":{}},"schemaString":"{\"type\":\"struct\",\"fields\":[{\"name\":\"region_id\",\"type\":\"string\",\"nullable\":true,\"metadata\":{}},{\"name\":\"region\",\"type\":\"string\",\"nullable\":true,\"metadata\":{}}]}","partitionColumns":[],"configuration":{"delta.enableDeletionVectors":"true"},"createdTime":1755329691267}}
{"protocol":{"minReaderVersion":3,"minWriterVersion":7,"readerFeatures":["deletionVectors"],"writerFeatures":["deletionVectors","appendOnly","invariants"]}}
{"add":{"path":"part-00000-9c69e20b-b5f8-45d0-b1e0-fcc00b9aa0a9.c000.snappy.parquet","partitionValues":{},"size":871,"modificationTime":1755329691000,"dataChange":true,"stats":"{\"numRecords\":4,\"minValues\":{\"region_id\":\"R01\",\"region\":\"East\"},\"maxValues\":{\"region_id\":\"R04\",\"region\":\"West\"},\"nullCount\":{\"region_id\":0,\"region\":0},\"tightBounds\":true}","tags":{"INSERTION_TIME":"1755329691000000","MIN_INSERTION_TIME":"1755329691000000","MAX_INSERTION_TIME":"1755329691000000","OPTIMIZE_TARGET_SIZE":"268435456"}}}
