{"commitInfo":{"timestamp":1755692487256,"userId":"145479142721970","userName":"shivamkumar67016@gmail.com","operation":"WRITE","operationParameters":{"mode":"Overwrite","statsOnLoad":false,"partitionBy":"[]"},"notebook":{"notebookId":"1039459635929443"},"clusterId":"0820-094931-240lldct-v2n","readVersion":0,"isolationLevel":"WriteSerializable","isBlindAppend":false,"operationMetrics":{"numFiles":"1","numRemovedFiles":"1","numRemovedBytes":"134111","numOutputRows":"10000","numOutputBytes":"134111"},"tags":{"noRowsCopied":"true","restoresDeletedRows":"false"},"engineInfo":"Databricks-Runtime/17.1.x-photon-scala2.13","txnId":"ffd0faba-3bd3-4b6b-a5c5-bffd8dcb048b"}}
{"add":{"path":"part-00000-0ac51b3d-71d8-4b8d-9019-2ed8e72a0f5e.c000.snappy.parquet","partitionValues":{},"size":134111,"modificationTime":1755692487000,"dataChange":true,"stats":"{\"numRecords\":10000,\"minValues\":{\"order_id\":\"O00001\",\"customer_id\":\"C00001\",\"product_id\":\"P0001\",\"order_date\":\"2023-01-01\",\"quantity\":1,\"total_amount\":12.35,\"year\":2023},\"maxValues\":{\"order_id\":\"O10000\",\"customer_id\":\"C02000\",\"product_id\":\"P0500\",\"order_date\":\"2024-12-31\",\"quantity\":5,\"total_amount\":9952.9,\"year\":2024},\"nullCount\":{\"order_id\":0,\"customer_id\":0,\"product_id\":0,\"order_date\":0,\"quantity\":0,\"total_amount\":0,\"year\":0},\"tightBounds\":true}","tags":{"INSERTION_TIME":"1755692487000000","MIN_INSERTION_TIME":"1755692487000000","MAX_INSERTION_TIME":"1755692487000000","OPTIMIZE_TARGET_SIZE":"268435456"}}}
{"remove":{"path":"part-00000-20c06340-ab3f-4acb-9a52-6e3c4185aa38.c000.snappy.parquet","deletionTimestamp":1755692487255,"dataChange":true,"extendedFileMetadata":true,"partitionValues":{},"size":134111,"tags":{"INSERTION_TIME":"1755325561000000","MIN_INSERTION_TIME":"1755325561000000","MAX_INSERTION_TIME":"1755325561000000","OPTIMIZE_TARGET_SIZE":"268435456"}}}
