{"commitInfo":{"timestamp":1755325561785,"userId":"145479142721970","userName":"shivamkumar67016@gmail.com","operation":"WRITE","operationParameters":{"mode":"Append","statsOnLoad":false,"partitionBy":"[]"},"clusterId":"0816-061630-oupwpi49-v2n","isolationLevel":"WriteSerializable","isBlindAppend":true,"operationMetrics":{"numFiles":"1","numOutputRows":"10000","numOutputBytes":"134111"},"tags":{"noRowsCopied":"true","restoresDeletedRows":"false"},"engineInfo":"Databricks-Runtime/17.0.x-photon-scala2.13","txnId":"cc5d259a-c37f-477e-a967-765cd96dc6be"}}
{"metaData":{"id":"a197c7ce-2cd1-46f7-b28d-bf7a225a8a00","format":{"provider":"parquet","options":{}},"schemaString":"{\"type\":\"struct\",\"fields\":[{\"name\":\"order_id\",\"type\":\"string\",\"nullable\":true,\"metadata\":{}},{\"name\":\"customer_id\",\"type\":\"string\",\"nullable\":true,\"metadata\":{}},{\"name\":\"product_id\",\"type\":\"string\",\"nullable\":true,\"metadata\":{}},{\"name\":\"order_date\",\"type\":\"date\",\"nullable\":true,\"metadata\":{\"__detected_date_formats\":\"yyyy-M-d\"}},{\"name\":\"quantity\",\"type\":\"integer\",\"nullable\":true,\"metadata\":{}},{\"name\":\"total_amount\",\"type\":\"double\",\"nullable\":true,\"metadata\":{}},{\"name\":\"year\",\"type\":\"integer\",\"nullable\":true,\"metadata\":{}}]}","partitionColumns":[],"configuration":{"delta.enableDeletionVectors":"true"},"createdTime":1755325561064}}
{"protocol":{"minReaderVersion":3,"minWriterVersion":7,"readerFeatures":["deletionVectors"],"writerFeatures":["deletionVectors","appendOnly","invariants"]}}
{"add":{"path":"part-00000-20c06340-ab3f-4acb-9a52-6e3c4185aa38.c000.snappy.parquet","partitionValues":{},"size":134111,"modificationTime":1755325561000,"dataChange":true,"stats":"{\"numRecords\":10000,\"minValues\":{\"order_id\":\"O00001\",\"customer_id\":\"C00001\",\"product_id\":\"P0001\",\"order_date\":\"2023-01-01\",\"quantity\":1,\"total_amount\":12.35,\"year\":2023},\"maxValues\":{\"order_id\":\"O10000\",\"customer_id\":\"C02000\",\"product_id\":\"P0500\",\"order_date\":\"2024-12-31\",\"quantity\":5,\"total_amount\":9952.9,\"year\":2024},\"nullCount\":{\"order_id\":0,\"customer_id\":0,\"product_id\":0,\"order_date\":0,\"quantity\":0,\"total_amount\":0,\"year\":0},\"tightBounds\":true}","tags":{"INSERTION_TIME":"1755325561000000","MIN_INSERTION_TIME":"1755325561000000","MAX_INSERTION_TIME":"1755325561000000","OPTIMIZE_TARGET_SIZE":"268435456"}}}
